{"cam_K": [1024.17951, 0.0, 1216.0, 0.0, 1024.17951, 640.0, 0.0, 0.0, 1.0], "dsitort": [-0.3333333333333333, 0.2, -0.14285714285714285, 0.1111111111111111], "baseline": 110.0}